{"Naive_Forecast": {"BTC": {"mae": 116.1674101414281, "mse": 32336.425815929655, "rmse": 179.82331833199402, "mape": 0.19701842839602782, "da": 47.52345474613687}, "ETH": {"mae": 7.027831666091757, "mse": 120.40928507761299, "rmse": 10.973116470611847, "mape": 0.22526789722065121, "da": 48.04773730684327}, "BNB": {"mae": 1.0983994480855468, "mse": 3.0865946878233896, "rmse": 1.756870708909278, "mape": 0.2293257191356224, "da": 44.412251655629134}, "LTC": {"mae": 0.21852983787512936, "mse": 0.13305474301483272, "rmse": 0.3647666966909571, "mape": 0.2653498204852756, "da": 46.254139072847686}, "XRP": {"mae": 0.0013673335632976883, "mse": 5.5999896516039984e-06, "rmse": 0.002366429726741109, "mape": 0.2411354375976461, "da": 44.83305739514349}}, "Buy_and_Hold": {"BTC": {"rmse": 0, "mae": 0, "mape": 0, "r2": 1, "explained_variance": 1, "cumulative_return": 0.13920264346622613, "final_balance": 1136.9265143084515, "total_trades": 0, "directional_accuracy": 1, "max_gain": 1.0, "max_drawdown": -0.07737314887075941, "sharpe_ratio": 3.410423952152114}, "ETH": {"rmse": 0, "mae": 0, "mape": 0, "r2": 1, "explained_variance": 1, "cumulative_return": 0.2690239657612632, "final_balance": 1266.48845334216, "total_trades": 0, "directional_accuracy": 1, "max_gain": 1.0, "max_drawdown": -0.10914517558177494, "sharpe_ratio": 4.644945655389587}, "BNB": {"rmse": 0, "mae": 0, "mape": 0, "r2": 1, "explained_variance": 1, "cumulative_return": 0.04697396199859272, "final_balance": 1044.8821059306636, "total_trades": 0, "directional_accuracy": 1, "max_gain": 1.0, "max_drawdown": -0.07189335026186328, "sharpe_ratio": 1.255080113495667}, "LTC": {"rmse": 0, "mae": 0, "mape": 0, "r2": 1, "explained_variance": 1, "cumulative_return": 0.07995394652680066, "final_balance": 1077.7961963838902, "total_trades": 0, "directional_accuracy": 1, "max_gain": 1.0, "max_drawdown": -0.081989247311828, "sharpe_ratio": 1.869134180202031}, "XRP": {"rmse": 0, "mae": 0, "mape": 0, "r2": 1, "explained_variance": 1, "cumulative_return": 0.045353759322717124, "final_balance": 1043.2651404229714, "total_trades": 0, "directional_accuracy": 1, "max_gain": 1.0, "max_drawdown": -0.13744243712362736, "sharpe_ratio": 1.0254592785947518}}, "ARIMA": {"BTC": {"rmse": 5798.923355035674, "mae": 4883.347020782354, "mape": 7.287931171071438, "r2": -1.64354190741071, "explained_variance": -1.161353583967184e-06}, "ETH": {"rmse": 477.2761542693553, "mae": 322.8214882034768, "mape": 8.83723603541205, "r2": -0.6413198736887562, "explained_variance": 2.2043101866042747e-07}, "BNB": {"rmse": 22.908502084796993, "mae": 19.809181790740396, "mape": 3.325598503643048, "r2": -1.3186915615040737, "explained_variance": -3.1801965292288514e-06}, "LTC": {"rmse": 4.821537810215347, "mae": 4.259495856083599, "mape": 5.077249720253847, "r2": -3.2209886170144255, "explained_variance": -1.0332518914024647e-05}, "XRP": {"rmse": 0.027777947063867974, "mae": 0.024999408109489286, "mape": 4.737312715405278, "r2": -3.9776058344346277, "explained_variance": 6.318348768297177e-06}}, "LSTM": {"BTC": {"rmse": 333.36371742042746, "mae": 218.68635715940246, "mape": 0.003439876353999915, "r2": 0.9912283848503858, "explained_variance": 0.9914181064393297, "final_balance": 1106.01186880672, "total_trades": 18, "time_taken": 97.10553765296936, "correct_trades": 7, "incorrect_trades": 11, "annualised_return": 2051577746.133173, "sharpe_ratio": 41.29175481781338, "max_drawdown": 0.09412195462714937, "win_ratio": 0.3888888888888889}, "ETH": {"rmse": 19.83798805010261, "mae": 12.867186052699626, "mape": 0.0038624355204307423, "r2": 0.9971679989449074, "explained_variance": 0.9971686196127042, "final_balance": 1065.7798655254005, "total_trades": 10, "time_taken": 81.09999561309814, "correct_trades": 6, "incorrect_trades": 4, "annualised_return": 4798309.671974543, "sharpe_ratio": 112.08512160487346, "max_drawdown": 0.034734959775694844, "win_ratio": 0.6}, "BNB": {"rmse": 2.5424570862538296, "mae": 1.730440942316407, "mape": 0.0029468534394784278, "r2": 0.9714217536469131, "explained_variance": 0.9714611761241595, "final_balance": 1086.2796599723392, "total_trades": 12, "time_taken": 83.4568612575531, "correct_trades": 7, "incorrect_trades": 5, "annualised_return": 51848851.81178538, "sharpe_ratio": 44.76069213104757, "max_drawdown": 0.08351086133156747, "win_ratio": 0.5833333333333334}, "LTC": {"rmse": 0.41280530682127, "mae": 0.28672148082675214, "mape": 0.0034704535478946633, "r2": 0.9688032575253767, "explained_variance": 0.9688137383924834, "final_balance": 1494.7071736483588, "total_trades": 34, "time_taken": 53.161640882492065, "correct_trades": 20, "incorrect_trades": 14, "annualised_return": 6.80445451394e+22, "sharpe_ratio": 16.538145850018935, "max_drawdown": 0.11288316110143543, "win_ratio": 0.5882352941176471}, "XRP": {"rmse": 0.002000410069592491, "mae": 0.0013497201414554118, "mape": 0.002583163479162162, "r2": 0.9739047439886624, "explained_variance": 0.9739102018884516, "final_balance": 1219.4474332471596, "total_trades": 41, "time_taken": 93.06864213943481, "correct_trades": 20, "incorrect_trades": 21, "annualised_return": 3.5273353529227633e+18, "sharpe_ratio": 23.39884478059253, "max_drawdown": 0.3174886843503598, "win_ratio": 0.4878048780487805}}, "TCN": {"BTC": {"rmse": 235.14778500729287, "mae": 162.32820063625354, "mape": 0.00251680572840218, "r2": 0.9956355985375962, "explained_variance": 0.9956800002216891, "final_balance": 1165.7434963775247, "total_trades": 26, "time_taken": 20.92189121246338, "correct_trades": 19, "incorrect_trades": 7, "annualised_return": 496948701457145.3, "sharpe_ratio": 52.28015620029555, "max_drawdown": 0.0928797709812161, "win_ratio": 0.7307692307692307}, "ETH": {"rmse": 18.849663173362075, "mae": 11.02894437922005, "mape": 0.003298978859627232, "r2": 0.9974431494111714, "explained_variance": 0.9974505285620773, "final_balance": 1152.7230211340395, "total_trades": 20, "time_taken": 14.750195264816284, "correct_trades": 14, "incorrect_trades": 6, "annualised_return": 243722229861820.94, "sharpe_ratio": 71.07858364977342, "max_drawdown": 0.031584043471880166, "win_ratio": 0.7}, "BNB": {"rmse": 4.891653622049376, "mae": 3.499519474948872, "mape": 0.005958538750990708, "r2": 0.8942111959918426, "explained_variance": 0.9017115795711819, "final_balance": 1206.8267998279582, "total_trades": 28, "time_taken": 6.791552782058716, "correct_trades": 15, "incorrect_trades": 13, "annualised_return": 1.2585027117408328e+18, "sharpe_ratio": 53.783985861223485, "max_drawdown": 0.08129731239971348, "win_ratio": 0.5357142857142857}, "LTC": {"rmse": 0.34379985969318905, "mae": 0.2394984967556687, "mape": 0.0028969550277672287, "r2": 0.9783613533731722, "explained_variance": 0.9786279444452364, "final_balance": 1344.71047714013, "total_trades": 32, "time_taken": 13.467543363571167, "correct_trades": 19, "incorrect_trades": 13, "annualised_return": 11072178796351.54, "sharpe_ratio": 13.98859785861535, "max_drawdown": 0.12354630551759227, "win_ratio": 0.59375}, "XRP": {"rmse": 0.0019063408739652136, "mae": 0.0012922188829682206, "mape": 0.0024702809481466134, "r2": 0.9763012948704949, "explained_variance": 0.9767082192986316, "final_balance": 1421.2926721679498, "total_trades": 55, "time_taken": 14.501123905181885, "correct_trades": 32, "incorrect_trades": 23, "annualised_return": 2.1087915674794152e+21, "sharpe_ratio": 31.94433378201461, "max_drawdown": 0.16162597729825862, "win_ratio": 0.5818181818181818}}, "TCN+Bagging": {"BTC": {"rmse": 244.15793596380092, "mae": 164.00001233552643, "mape": 0.0025402409871649544, "r2": 0.9952947294735505, "explained_variance": 0.9953737380046295, "time_taken": 1.1946008205413818, "final_balance": 1114.0080146245202, "total_trades": 19.6, "correct_trades": 11.8, "incorrect_trades": 7.8, "annualised_return": 51717663154.669876, "sharpe_ratio": 47.689678442315504, "max_drawdown": 0.09105062727791725, "win_ratio": 0.6074025974025974}, "ETH": {"rmse": 17.08697632105374,